model,dataset,train_size,test_size,train_accuracy,train_precision,train_recall,train_f1,train_roc_auc,test_accuracy,test_precision,test_recall,test_f1,test_roc_auc
Logistic Regression (Baseline),Heart Disease,241,61,0.8672199170124482,0.8461538461538461,0.9236641221374046,0.8832116788321168,0.9370575988896599,0.7704918032786885,0.7878787878787878,0.7878787878787878,0.7878787878787878,0.8625541125541125
