model,test_accuracy,test_precision,test_recall,test_f1,test_roc_auc,cv_roc_auc_mean,cv_roc_auc_std,dataset
Logistic Regression,0.7077922077922078,0.5957446808510638,0.5185185185185185,0.5544554455445545,0.827962962962963,,,Diabetes
Random Forest,0.7662337662337663,0.6666666666666666,0.6666666666666666,0.6666666666666666,0.8364814814814815,0.8314424141749723,0.0288457245370085,Diabetes
XGBoost,0.7532467532467533,0.6538461538461539,0.6296296296296297,0.6415094339622641,0.8212962962962963,0.8179554263565892,0.027513913366882,Diabetes
Logistic Regression,0.7704918032786885,0.7878787878787878,0.7878787878787878,0.7878787878787878,0.8625541125541125,,,Heart Disease
Random Forest,0.7704918032786885,0.7878787878787878,0.7878787878787878,0.7878787878787878,0.8333333333333334,0.8861693861693862,0.0226602655478649,Heart Disease
XGBoost,0.7540983606557377,0.7647058823529411,0.7878787878787878,0.7761194029850746,0.8528138528138528,0.8914270914270915,0.0284947783942774,Heart Disease
Logistic Regression,0.9545454545454546,0.9550687398126626,0.9545454545454546,0.9539871079787212,0.9964266053567592,,,Obesity
Random Forest,0.9808612440191388,0.981454504335232,0.9808612440191388,0.9807689510936992,0.9998203538542744,0.9997752505671846,0.0001381037553584,Obesity
XGBoost,0.9808612440191388,0.9814985489057966,0.9808612440191388,0.9807480443807216,0.999728682312505,0.9991432082773128,0.000706032488695,Obesity
