model,test_accuracy,test_precision,test_recall,test_f1,test_roc_auc,cv_roc_auc_mean,cv_roc_auc_std,dataset
Random Forest,0.7662337662337663,0.6666666666666666,0.6666666666666666,0.6666666666666666,0.8364814814814815,0.8314424141749723,0.0288457245370085,Diabetes
Logistic Regression,0.7704918032786885,0.7878787878787878,0.7878787878787878,0.7878787878787878,0.8625541125541125,,,Heart Disease
Random Forest,0.9808612440191388,0.981454504335232,0.9808612440191388,0.9807689510936992,0.9998203538542744,0.9997752505671846,0.0001381037553584,Obesity
